id	modality	theme	title	publication_date	journal	doi	pmid	evidence_type	concrete_content	decision_changed	constraints	skill_action	writing_requirement	jif_value	jif_year	jif_source
BK01	bulk RNA-seq raw reads	raw-read discovery and feature generation	Scalable and unsupervised discovery from raw sequencing reads using SPLASH2	2024-09-23	Nature Biotechnology	10.1038/s41587-024-02381-2	39313645	method; cross-technology demonstration	SPLASH2 uses scalable k-mer counting to discover regulated sequence variation and demonstrated unannotated cancer splicing and circular RNA in CCLE bulk RNA-seq.	Separate annotation-free discovery from routine alignment and gene quantification.	It is not an end-to-end QC or quantification pipeline; bulk findings still need locus-level and orthogonal validation.	Record the discovery route and validate novel sequence events before biological interpretation.	Methods must distinguish annotation-free discovery from annotated quantification; Results and legends must label novel events and their supporting evidence.	44.5	2025	https://www.nature.com/nature-portfolio/about-journals/journal-metrics
BK02	bulk RNA-seq transcriptome assembly	assembly QC	Comprehensive assessment of transcriptome assembly quality using CATS	2026-04-20	Nature Communications	10.1038/s41467-026-72171-8	42002560	method; benchmark	CATS jointly evaluates reference-free and reference-based transcriptome assembly quality across 1056 simulated and public transcriptomes.	Require assembly completeness and error diagnostics before interpreting reconstructed transcripts.	Assembly QC is relevant when transcript reconstruction is central and should not force de novo assembly into ordinary gene-count studies.	Create an assembly-QC gate and route conventional reference-based gene analysis separately.	Methods must state reference and assembly evaluation; Results must report completeness/error dimensions rather than one summary score.	18.1	2025	https://www.nature.com/nature-portfolio/about-journals/journal-metrics
BK03	long-read bulk RNA-seq	long-read protocol and isoform quantification	A systematic benchmark of Nanopore long-read RNA sequencing for transcript-level analysis in human cell lines	2025-03-13	Nature Methods	10.1038/s41592-025-02623-4	40082608	benchmark	The study compares Nanopore protocols with PacBio and short-read approaches using controlled human cell-line data and spike-ins for isoform discovery and quantification.	Choose long-read chemistry and depth according to transcript-level estimand instead of assuming platform superiority.	Cell-line and tested-chemistry performance may not transfer to FFPE, low-input clinical tissue, or later chemistries.	Demand platform-specific QC, spike-in or orthogonal checks, and a short-read/gene-level comparator when relevant.	Report chemistry, read processing, depth, truth material and task-specific error; discuss platform transfer limits.	28.3	2025	https://www.nature.com/nature-portfolio/about-journals/journal-metrics
BK04	long-read bulk RNA-seq	allele-specific long-read inference	SNP calling, haplotype phasing and allele-specific analysis with long RNA-seq reads	2026-03-30	Nature Methods	10.1038/s41592-026-03045-6	41912802	method; benchmark	longcallR jointly calls SNPs, phases haplotypes and estimates allele-specific expression or splicing; in 202 human samples it found many events involving unannotated junctions.	Add allele/haplotype as a distinct feature layer when long reads and coverage support it.	Long-read coverage, reference mapping bias, RNA editing and phasing error can mimic allele imbalance; imbalance is not automatically a cis mechanism.	Audit informative reads, phasing and reference bias and require independent allele or functional validation for key claims.	Methods and legends must state phasing/support rules; Discussion must separate allele-specific association from cis-regulatory causality.	28.3	2025	https://www.nature.com/nature-portfolio/about-journals/journal-metrics
BK05	long-read RNA-seq at single-cell pseudobulk and bulk resolution	isoform discovery across resolutions	Accurate long-read transcript discovery and quantification at single-cell, pseudo-bulk and bulk resolution with Isosceles	2024-08-25	Nature Communications	10.1038/s41467-024-51584-3	39183289	method; benchmark	Isosceles evaluates Nanopore isoform discovery and quantification at single-cell, aggregated pseudobulk and true bulk resolution.	Keep resolution, transcript discovery and patient-level replication as separate contracts.	Pseudobulk is an aggregation of measured cells and is not a set of independent patients; the tool does not replace gene-level counting.	Label the resolution of every matrix and route patient-level inference through independent biological samples.	Methods and figures must distinguish single-cell, pseudobulk and true bulk inputs; Results must not inflate n with aggregates.	18.1	2025	https://www.nature.com/nature-portfolio/about-journals/journal-metrics
BK06	count-based bulk RNA-seq	differential expression and complex design	edgeR v4: powerful differential analysis of sequencing data with expanded functionality and improved support for small counts and larger datasets	2025-01-22	Nucleic Acids Research	10.1093/nar/gkaf018	39844453	method	edgeR v4 expands quasi-likelihood differential analysis for small or fractional counts, complex designs, fold-change thresholds and exon or transcript usage.	Use count-compatible inference with an explicit estimable design, effect sizes and multiplicity rather than generic normalized-expression testing.	TPM or FPKM is not automatically valid input for a count likelihood; statistical significance does not replace effect and diagnostic review.	Audit count provenance, design rank, filtering, normalization, influence, contrasts, CI and FDR.	Methods must state formula, contrast, filter, normalization, robust policy and FDR family; Results must report effects and uncertainty.	15.0	2025	https://academic.oup.com/nar/pages/about
BK07	bulk RNA-seq and functional genomics	reference genome choice and mapping bias	Benchmarking genome choice in functional genomics analyses	2026-05-26	Nature Communications	10.1038/s41467-026-73663-3	42185280	multi-omics benchmark	The study compares hg38, CHM13, draft pangenome and personal phased assemblies for RNA-seq and other functional assays in five fully assembled LCL donors.	Make reference representation and annotation a documented analysis choice and sensitivity-test biologically important reference-sensitive loci.	Overall genome-choice effects were usually modest and the benchmark used five LCL donors; it does not mandate personal assemblies for all studies.	Record genome/annotation and rerun key reference-sensitive findings when their interpretation depends on mapping.	Methods must name the representation; Results and Discussion must quantify and bound reference sensitivity.	18.1	2025	https://www.nature.com/nature-portfolio/about-journals/journal-metrics
BK08	bulk RNA-seq autopsy tissue	pre-analytic tissue-processing artifacts	Characterising processing conditions that artifactually bias human brain tissue transcriptomes	2026-02-17	Nature Communications	10.1038/s41467-026-68872-9	41702898	controlled pre-analytical artifact study	Immediate, approximately 6-hour and approximately 36-hour human brain processing conditions reveal structured artifact genes and a time-temperature response signature.	Treat post-mortem interval, time and temperature as potential causes of expression programs before DE, pathways or subtyping.	The evidence is adult brain/autopsy-specific; an artifact score flags risk but cannot recover the original transcriptome or act as universal batch correction.	Plot pre-analytic variables by group, restrict or adjust with sensitivity analysis, and stop when processing is fully confounded with contrast.	Report processing distributions, artifact sensitivity and residual confounding in Methods, Results, legends and Discussion.	18.1	2025	https://www.nature.com/nature-portfolio/about-journals/journal-metrics
BK09	targeted clinical RNA-seq	targeted assay utility and FFPE QC	Clinical utility of targeted RNA sequencing in cancer molecular diagnostics	2025-07-17	Nature Medicine	10.1038/s41591-025-03848-8	40676318	prospective real-world clinical cohort	A single targeted assay was applied prospectively to 2310 neoplasms, with a 4.8% failure rate despite mostly FFPE material and documented diagnostic and treatment consequences.	For clinical RNA assays report failure, diagnostic reclassification and actionability, not only analytical detections.	A specialized targeted diagnostic assay is not whole-transcriptome discovery and cannot be generalized to prognosis or all laboratories.	Define panel universe, specimen quality, failure accounting and intended clinical use; bound non-targeted genes as unmeasured.	Methods and Results must report panel, failures and clinical consequence; Discussion must limit transfer beyond the tested service.	52.5	2025	https://www.nature.com/nature-portfolio/about-journals/journal-metrics
BK10	targeted RNA splicing assay	targeted alternative-splicing quantification	Machine learning-optimized targeted detection of alternative splicing	2024-12-27	Nucleic Acids Research	10.1093/nar/gkae1260	39727154	method; experimental benchmark	LSV-seq uses machine-learning-designed primers to enrich junction-spanning reads and sensitively quantify preselected splicing events at lower sequencing depth.	Use targeted measurement when biologically important splice events are undercovered by ordinary RNA-seq, while preserving the measured-universe boundary.	Primer design and preselection limit unbiased transcriptome-wide discovery and counts are not directly interchangeable with standard RNA-seq.	Require event definition, primer/coverage QC and orthogonal confirmation; do not infer global absence from panel non-detection.	Methods and legends must describe targeted events and coverage; Discussion must state ascertainment limits.	15.0	2025	https://academic.oup.com/nar/pages/about
BK11	bulk RNA-seq across platforms	alternative-splicing event analysis	Shiba: a versatile computational method for systematic identification of differential RNA splicing across platforms	2025-02-25	Nucleic Acids Research	10.1093/nar/gkaf098	39997221	method; benchmark	Shiba integrates assembly, event identification, junction counting and differential splicing, including unannotated events and junction-read imbalance, in a containerized workflow.	Route splicing through event-level counts, coverage and null hypotheses rather than infer it from gene DE.	Demonstrated technical operation at n=1 does not replace biological replication; low coverage and event multiplicity remain limiting.	Add minimum event support, biological-replicate modeling, complete FDR results and targeted validation of key events.	Report event definition, support, effect, FDR and validation; legends must show coordinates and informative-read denominator.	15.0	2025	https://academic.oup.com/nar/pages/about
BK12	bulk RNA-seq animal experiments	sample size and biological replication	Optimized murine sample sizes for RNA sequencing studies revealed from large scale comparative analysis	2025-11-19	Nature Communications	10.1038/s41467-025-65022-5	41261110	large-scale comparative analysis	Two mouse experiments with 30 biological replicates per group quantify false positives, missed effects and stability under repeated smaller subsamples.	Base power on independent biological n, variance and meaningful effect; a larger fold-change threshold cannot rescue insufficient replication.	The observed n=6–7 behavior is mouse-, tissue-, effect- and threshold-specific and is not a universal minimum.	Require a design-specific power or precision rationale and downgrade null/absence claims when CIs are wide.	Methods must justify n and unit; Results must report effect CIs and stability; Discussion must avoid universal sample-size rules.	18.1	2025	https://www.nature.com/nature-portfolio/about-journals/journal-metrics
BK13	calibrated bulk RNA-seq	absolute transcriptomics and metrology	A metrological foundation for absolute transcriptomics using International System of Units-anchored calibrators	2026-03-26	Nature Communications	10.1038/s41467-026-70582-1	41888124	method; metrology	One hundred SI-traceable biomimetic calibrators characterize systematic and sequence-dependent bias and connect sequencing readout to absolute transcript quantity.	Distinguish relative compositional abundance from absolute molecules and permit absolute wording only with processing-stage calibration.	Calibrators must accompany samples through processing and cannot retrospectively fix public historical data; transfer and dynamic range require validation.	Record calibrator timing and traceability or replace absolute claims with relative abundance.	Methods must specify calibration chain; Results must report uncertainty/bias; legends and Discussion must label relative versus absolute scales.	18.1	2025	https://www.nature.com/nature-portfolio/about-journals/journal-metrics
BK14	bulk RNA-seq with single-cell reference	transcriptome-size bias in deconvolution	Transcriptome size matters for single-cell RNA-seq normalization and bulk deconvolution	2025-02-01	Nature Communications	10.1038/s41467-025-56623-1	39893178	method; benchmark	The study shows that total mRNA differences among cell types, gene length and reference variance systematically bias bulk deconvolution, especially for rare cells.	Audit whether the target is RNA contribution or cell fraction and test transcriptome-size correction before interpreting composition.	Correction relies on the reference and remains an estimate; it does not convert deconvolution into FACS or histology truth.	Report target quantity, reference and correction; validate key fractions and rare states orthogonally.	Use “estimated fraction/contribution” and report transcriptome-size sensitivity in Methods, Results and legends.	18.1	2025	https://www.nature.com/nature-portfolio/about-journals/journal-metrics
BK15	bulk RNA-seq with single-cell reference	deconvolution batch effects	Alleviating batch effects in cell type deconvolution with SCCAF-D	2024-12-30	Nature Communications	10.1038/s41467-024-55213-x	39738054	method; benchmark	SCCAF-D directly studies cross-source batch effects between bulk mixtures and single-cell references and shows why same-source pseudobulk benchmarks can overestimate performance.	Make bulk-reference distribution shift a gate and evaluate correction using independent or orthogonal truth.	Correction can remove genuine disease variation; improved mixing or correlation alone is not proof of biological validity.	Compare uncorrected and corrected results against truth and preserve the biological contrast in the adjustment.	Methods must state reference/batch strategy; Results must show sensitivity; Discussion must not claim complete batch removal.	18.1	2025	https://www.nature.com/nature-portfolio/about-journals/journal-metrics
BK16	bulk tumor gene expression	community benchmark of immune deconvolution	Community assessment of methods to deconvolve cellular composition from bulk gene expression	2024-08-27	Nature Communications	10.1038/s41467-024-50618-0	39191725	community benchmark; DREAM challenge	Six published and 22 community methods were evaluated with held-out in-vitro and in-silico mixtures; broad cell types were more recoverable than several functional T-cell states.	Select deconvolution according to target cell/state and truth scenario rather than one global leaderboard.	Controlled mixtures do not reproduce all tumor ecology; fine functional states remain difficult and an author correction should be consulted.	Collapse unsupported states, report method/reference sensitivity and obtain independent tissue truth.	Results and legends must label estimates and state truth/reference; Discussion must bound fine-state claims.	18.1	2025	https://www.nature.com/nature-portfolio/about-journals/journal-metrics
BK17	bulk RNA-seq with FACS or single-cell reference	pseudobulk-to-real shift and interpretable deconvolution	An interpretable and adaptive autoencoder for efficient tissue deconvolution	2025-09-01	Nucleic Acids Research	10.1093/nar/gkaf821	40889155	method; gold-standard benchmark	Sweetwater models pseudobulk-to-real distribution shift, supports multiple reference classes and provides a small FACS-mixed PBMC gold-standard dataset with RNA-quantity information.	Audit reference choice, real-versus-simulated shift and interpretability before accepting deep deconvolution output.	The gold standard is small and largely same-donor; adaptation does not guarantee tissue, platform or disease transport and learned weights are not mechanism.	Use matched truth where possible and test across references, gene sets and held-out real bulk samples.	Report reference, shift adaptation, truth and uncertainty; describe learned markers as model features rather than causal genes.	15.0	2025	https://academic.oup.com/nar/pages/about
BK18	tissue-level bulk transcriptomics and multi-omics	multi-omics deconvolution with incomplete reference	DECODE: deep learning-based common deconvolution framework for various omics data	2026-03-02	Nature Methods	10.1038/s41592-026-03007-y	41772096	method; multi-omics benchmark	DECODE estimates cell types and states from tissue-level transcriptomic, proteomic and metabolomic data while aligning platforms/conditions and testing incomplete references.	Allow multi-omics deconvolution only with explicit reference completeness, domain-shift and known-state assumptions.	Training uses simulated tissues, artificial noise and single-cell references; reconstructed cellular layers are inferred, not measured.	Compare against omics-specific baselines, test missing states and validate selected results with direct measurements.	Methods and figures must label simulated/reference inputs and estimated outputs; Discussion must not equate multi-omics consistency with truth.	28.3	2025	https://www.nature.com/nature-portfolio/about-journals/journal-metrics
BK19	bulk transcriptomics with PET pathology and clinical data	radiotranscriptomic multimodal prediction	Integration of clinical, pathological, radiological, and transcriptomic data improves prediction for first-line immunotherapy outcome in metastatic non-small cell lung cancer	2025-01-12	Nature Communications	10.1038/s41467-025-55847-5	39800784	multimodal clinical cohort	Baseline PET, digital pathology, bulk transcriptomics and clinical variables from 317 metastatic NSCLC patients were compared across multiple integration strategies for first-line immunotherapy outcome.	Require clinical, imaging and RNA unimodal baselines plus incremental multimodal value and patient-level leakage control.	One observational cohort and modality availability may induce selection; external prospective validation is still required and correlations are not immune mechanisms.	Build the baseline ladder, fit all fusion steps in training only and report missing-modality and mapping sensitivity.	Methods must define linkage/fusion/splits; Results must compare all baselines with CI/calibration; Discussion must bound mechanism.	18.1	2025	https://www.nature.com/nature-portfolio/about-journals/journal-metrics
BK20	bulk RNA-seq in randomized therapy study	treatment-response signature and assay translation	Deep molecular profiling of synovial biopsies in the STRAP trial identifies signatures predictive of treatment response to biologic therapies in rheumatoid arthritis	2025-07-02	Nature Communications	10.1038/s41467-025-60987-9	40603860	randomized-trial biomarker study; external validation	Pretreatment synovial RNA-seq from the randomized STRAP trial used repeated nested validation, external R4RA testing and translation to a 524-gene nCounter panel.	Demand leakage-safe development, independent cohort testing and assay translation before elevating a response signature.	Evidence is limited to rheumatoid synovium and specified biologics; sample sizes and converted-panel performance do not generalize automatically.	Freeze the signature and panel transform, report external degradation and require a new intended-use validation for transfer.	Report nested design, external cohort, panel conversion, AUC/CI and treatment context; Discussion must state disease/therapy scope.	18.1	2025	https://www.nature.com/nature-portfolio/about-journals/journal-metrics
BK21	blood bulk transcriptomics	cross-cohort clinical subtyping	A consensus blood transcriptomic framework for sepsis	2025-09-30	Nature Medicine	10.1038/s41591-025-03964-5	41028542	consensus framework; multi-cohort validation	MARS and GAinS cohorts were integrated into three consensus transcriptomic subtypes with validation across follow-up samples, a randomized trial and an external Ugandan cohort.	Require subtype concordance across algorithms, cohorts, time and treatment settings rather than one clustering solution.	Sepsis whole-blood subtypes are disease-, time- and composition-dependent and should not become universal or immutable patient classes.	Quantify assignment stability, longitudinal transitions, composition and external transport; keep disease-specific scope.	Methods and legends must define consensus/assignment; Results must report stability and external cohorts; Discussion must avoid fixed universal labels.	52.5	2025	https://www.nature.com/nature-portfolio/about-journals/journal-metrics
BK22	tumor bulk RNA-seq with DNA-derived purity	tumor cell-state deconvolution	Statescope: an integrative deconvolution framework for discovering cell states in tumors	2026-07-06	Nature Communications	10.1038/s41467-026-74997-8	42409797	method; benchmark	Statescope incorporates DNA-derived malignant-cell purity and sample-varying expression to infer tumor cell states rather than only broad cell fractions.	For tumor-state inference require reliable purity and explicit missing-state validation.	The method is cancer-specific and a claimed state absent from the reference remains a computational discovery until confirmed.	Audit purity, state coverage and identifiability and validate novel states with single-cell, spatial or tissue assays.	Label states as inferred; report purity source and validation; avoid describing computationally discovered states as observed cells.	18.1	2025	https://www.nature.com/nature-portfolio/about-journals/journal-metrics
BK23	bulk cancer transcriptomics	deconvolution study-design guide	A guide to transcriptomic deconvolution in cancer	2025-12-02	Nature Reviews Cancer	10.1038/s41568-025-00886-9	41331516	decision review	The review organizes 43 methods into reference-based, semi-reference-based and reference-free routes with a cancer deconvolution decision tree.	Choose method family from the target estimand, reference availability and validation plan before algorithm selection.	A review is not a head-to-head truth benchmark and its focus is cancer.	Use the taxonomy to route the task, then require tissue-relevant benchmark and orthogonal truth from primary evidence.	Methods must justify the selected family/reference; Discussion must not cite the review as direct validation.	60.7	2025	https://www.nature.com/nature-portfolio/about-journals/journal-metrics
BK24	bulk expression clinical resource	outcome association and cohort reuse	PRECOG update: an augmented resource of clinical outcome associations with gene expression for adult, pediatric, and immunotherapy cohorts	2025-11-17	Nucleic Acids Research	10.1093/nar/gkaf1215	41243951	curated data resource	PRECOG adds more than 10000 patients including pediatric and immune-checkpoint cohorts and provides gene-expression, outcome and estimated-cell associations.	Use large resources for hypothesis replication only after overlap, endpoint and cohort heterogeneity checks.	Most analyses are observational and heterogeneous; cross-cohort significance is not individual prediction, treatment interaction or causality.	Create an accession/publication overlap audit and independently freeze/test any derived signature.	Report source cohorts, overlap, endpoints and heterogeneity; use association rather than prediction language unless a frozen model is tested.	15.0	2025	https://academic.oup.com/nar/pages/about
BK25	public bulk perturbation RNA-seq resource	genetic perturbation reference	PerturbAtlas: a comprehensive atlas of public genetic perturbation bulk RNA-seq datasets	2024-10-01	Nucleic Acids Research	10.1093/nar/gkae851	39351872	resource	PerturbAtlas uniformly reanalyzes 122801 public bulk RNA-seq libraries across genetic perturbations with gene, transcript and splicing layers.	Use perturbation recurrence to prioritize mechanisms and replication experiments while retaining study/condition provenance.	Metadata, cell line, dose, timing and study quality are heterogeneous; cross-study consistency does not itself prove causal relevance in the target tissue.	Trace every supporting result to original experiments and require target-context perturbation before a mechanism claim.	Methods must name atlas version/query and source studies; Discussion must state context mismatch and hypothesis-generating role.	15.0	2025	https://academic.oup.com/nar/pages/about
BK26	bulk tumor transcriptomics resource	tumor immune deconvolution reference	TIMER3: an enhanced resource for tumor immune analysis	2025-05-08	Nucleic Acids Research	10.1093/nar/gkaf388	40337924	resource; analysis platform	TIMER3 expands cross-cancer and treatment-context immune analysis with multiple deconvolution algorithms and tumor-purity-aware associations.	Use multiple algorithms and cancer context for external plausibility checks, not one immune score as truth.	Algorithms may disagree and purity/cancer-type composition can drive associations; scores are not absolute cell counts or treatment-causal evidence.	Report algorithm consensus/discordance, purity adjustment and independent tissue validation.	Methods must document platform/version and algorithms; Results must show discordance; legends must say estimated immune score.	15.0	2025	https://academic.oup.com/nar/pages/about
BK27	clinical bulk transcriptome resource	therapy response and resistance validation	CTR-DB 2.0: an updated cancer clinical transcriptome resource, expanding primary drug resistance and newly adding acquired resistance datasets and enhancing the discovery and validation of predictive biomarkers	2024-11-04	Nucleic Acids Research	10.1093/nar/gkae993	39494527	resource	CTR-DB 2.0 includes 10856 patients, 39 cancer types, 346 treatment regimens and paired acquired-resistance datasets for response biomarker exploration.	Use therapy-aware external cohorts only after harmonizing treatment, endpoint, time and patient overlap.	Source cohorts and platforms are heterogeneous; response association in the database is not prespecified predictive interaction or clinical utility.	Deduplicate, freeze the candidate, test an appropriate treatment comparison and report transport/failure.	Methods and Results must identify source studies, therapy/endpoint definitions and independent status; Discussion must avoid untested benefit claims.	15.0	2025	https://academic.oup.com/nar/pages/about
BK28	public bulk RNA-seq stress resource	stress-response confounding reference	ASTRA: a comprehensive resource of stress-induced transcriptional activity in human cell lines	2025-11-20	Nucleic Acids Research	10.1093/nar/gkaf1174	41263110	resource	ASTRA standardizes human cell-line bulk RNA-seq across oxidative stress, hypoxia, heat shock and DNA damage to distinguish common and stress-specific programs.	Check whether an apparent disease or imaging pathway resembles a generic processing/stress response before mechanistic interpretation.	Cell lines, doses and time points do not represent patient tissue, and resource overlap is contextual evidence rather than truth.	Use stress signatures as negative-control/sensitivity programs and verify in target tissue or perturbation.	Report database/version and similarity analysis; Discussion must label stress confounding and cell-line transfer limits.	15.0	2025	https://academic.oup.com/nar/pages/about
BK29	bulk RNA-seq co-expression	co-expression connectivity and cellular interpretation	Analysis of gene co-expression connectivity dynamics implicates aberrant neuron-oligodendroglia interactions in schizophrenia	2026-07-16	Nature Communications	10.1038/s41467-026-75470-2	42463512	multi-region bulk cohort; cross-modal validation	Large bulk cohorts from three brain regions were used to analyze connectivity dynamics, with single-nucleus and organoid evidence for neuron-oligodendroglia findings.	Require region/cohort stability and composition or cross-modal checks before interpreting a bulk co-expression module.	The observational schizophrenia-brain network is disease/tissue-specific; co-expression, cell interaction, regulation and causality are distinct.	Test module preservation, composition sensitivity and independent/orthogonal support and use associative network wording.	Methods and legends must define edges/connectivity; Results must show preservation; Discussion must not call hubs regulators without intervention.	18.1	2025	https://www.nature.com/nature-portfolio/about-journals/journal-metrics
BK30	public multi-condition transcriptomes	condition-specific co-expression networks	Constructing gene co-functional and co-regulatory networks from public transcriptomes using condition-specific ensemble co-expression	2026-04-30	Nature Communications	10.1038/s41467-026-72380-1	42062278	method; benchmark	Condition-specific partitioning and ensemble metrics were applied to more than 450000 public samples across 12 species to construct co-expression networks.	Use condition-aware ensembles and validation rather than treating one pooled public correlation matrix as universal biology.	Residual metadata/batch/composition imbalance remains and a co-expression edge is not a direct regulatory edge.	Document public-data composition, test network stability and validate proposed regulation experimentally.	Report condition selection, edge definition and validation; legends must state undirected association unless regulatory evidence exists.	18.1	2025	https://www.nature.com/nature-portfolio/about-journals/journal-metrics
BK31	bulk RNA-seq exon inclusion	splicing-factor activity inference	Exon inclusion signatures enable accurate estimation of splicing factor activity	2026-03-12	Nature Communications	10.1038/s41467-026-69642-3	41820334	method benchmark; perturbation-derived network	Perturbation-derived splicing-factor-to-exon networks were benchmarked with VIPER to estimate latent splicing-factor activity from exon-inclusion signatures.	Distinguish inferred functional activity from the splicing factor gene expression level.	Activity depends on transferable perturbation networks, coverage, normalization, purity and composition and is not a direct biochemical measurement.	Report network provenance and sensitivity and validate key regulators by perturbation or functional assay.	Use “inferred activity” in Results/legends; Methods must specify network and scoring; Discussion must avoid direct-activity claims.	18.1	2025	https://www.nature.com/nature-portfolio/about-journals/journal-metrics
BK32	tumor bulk transcriptomics in randomized trials	prognostic versus treatment-predictive classifier	Tumor transcriptome-wide expression classifiers predict treatment sensitivity in advanced prostate cancers	2025-08-26	Cell	10.1016/j.cell.2025.07.042	40865526	randomized phase III trial biomarker analysis	Transcriptome-wide classifiers were evaluated in 1523 randomized phase III trial patients; the Decipher analysis was prespecified, whereas the PTEN–docetaxel predictive interaction was not prespecified and requires confirmation.	Reserve treatment-predictive language for a valid interaction and report separately whether the classifier and interaction were prespecified.	Evidence is advanced-prostate-cancer and treatment-specific; the non-prespecified PTEN–docetaxel interaction is exploratory and subgroup findings do not automatically generalize or establish mechanism.	Separate the prespecified Decipher analysis from exploratory PTEN results, report prognostic main effects and interaction estimates, and require a frozen new intended-use validation.	Methods must state which analyses were prespecified; Results and figures must separate Decipher and PTEN evidence with arm-specific effects and interaction CI; Discussion must label the PTEN interaction exploratory.	45.1	2025	https://www.sciencedirect.com/journal/cell/about/insights
BK33	bulk transcriptomics with proteomics	RNA-to-protein prediction	T2Pdecoder enables protein-centric analyses from transcriptomic data	2026-06-11	Nature Communications	10.1038/s41467-026-74209-3	42277023	method; benchmark	T2Pdecoder models RNA-to-protein relationships to expand predictable proteins and was principally evaluated in IDH-mutant glioma multi-omics data.	Permit protein-candidate prioritization from RNA only when every output is explicitly labeled predicted and compared with measured proteomics.	RNA-protein concordance is limited and validation is disease-specific; predicted protein is not a proteomic measurement.	Require held-out cross-disease/platform testing and direct protein validation for biological or clinical claims.	Methods and legends must label predicted versus measured protein; Results must report prediction error; Discussion must avoid proteomic truth wording.	18.1	2025	https://www.nature.com/nature-portfolio/about-journals/journal-metrics
