journal_id	rule_id	article_type	stage	authority_class	requirement_class	condition	material	rule_summary	allowed_extensions	source_url	checked_on	verification_status	applicable_stages
radiology	RAD-INITIAL-MAIN	Original Research	initial	JOURNAL_GUIDE	required	all submissions	anonymous main manuscript	One anonymous main document; text files are DOCX and DOC is no longer accepted	.docx	https://pubs.rsna.org/page/radiology/author-instructions	2026-08-22	VERIFIED_CURRENT	initial
radiology	RAD-INITIAL-TITLE	Original Research	initial	JOURNAL_GUIDE	required	all submissions	full title page	Separate full title page with authorship, contacts, funding, word count and data-sharing statement	.docx	https://pubs.rsna.org/page/radiology/author-instructions	2026-08-22	VERIFIED_CURRENT	initial
radiology	RAD-INITIAL-COVER	Original Research	initial	JOURNAL_GUIDE	required	all submissions	cover letter content	Required cover-letter content may be pasted in the portal or supplied as an optional attachment; attachment type is a live check		https://pubs.rsna.org/page/radiology/author-instructions	2026-08-22	VERIFIED_CURRENT	initial
radiology	RAD-INITIAL-FIGURES	Original Research	initial	JOURNAL_GUIDE	conditional	figures are present	combined figure review file	All figures in one Word file one figure per page with legend	.docx	https://pubs.rsna.org/page/radiology/author-instructions	2026-08-22	VERIFIED_CURRENT	initial
radiology	RAD-ACK-PERM	Original Research	initial	JOURNAL_GUIDE	conditional	acknowledged persons or permission-requiring material exists	acknowledgment and permission forms	The author guide requires a separate acknowledgment and permission file and links the current DOCX form	.docx	https://pubs.rsna.org/page/radiology/author-instructions	2026-08-22	VERIFIED_CURRENT	initial
radiology	RAD-SUPP-DOC	Original Research	initial	JOURNAL_GUIDE	conditional	supplemental text tables or figures exist	Supplemental File for Review	Supplemental text tables and figures with legends are compiled in one separate Word document	.docx	https://pubs.rsna.org/page/radiology/author-instructions	2026-08-22	VERIFIED_CURRENT	initial
radiology	RAD-SUPP-MEDIA	Original Research	initial	JOURNAL_GUIDE	conditional	supplemental movie animation or audio exists	separate supplemental multimedia	Movies and audio are uploaded separately; MP4 and MP3 are preferred and the guide lists the accepted movie and animation types	.mpg;.mpeg;.mov;.avi;.wmv;.mp4;.gif;.mp3	https://pubs.rsna.org/page/radiology/author-instructions	2026-08-22	VERIFIED_CURRENT	initial
radiology	RAD-REPORTING	Original Research	initial	JOURNAL_GUIDE	conditional	human study design matches a named guideline	reporting checklist	Applicable editable STARD CONSORT PRISMA-DTA or STROBE checklist	.docx	https://pubs.rsna.org/page/radiology/author-instructions	2026-08-22	VERIFIED_CURRENT	initial
radiology	RAD-REVISION	Original Research	revision	JOURNAL_GUIDE	required	revision invited	clean and marked anonymous manuscripts	Clean and marked anonymous main manuscripts are DOCX revision items	.docx	https://pubs.rsna.org/page/radiology/author-instructions	2026-08-22	VERIFIED_CURRENT	revision
radiology	RAD-REV-RESPONSE	Original Research	revision	JOURNAL_GUIDE	required	revision invited	point-by-point response	A point-by-point response is required but its accepted upload extension must be resolved from the exact Radiology revision portal		https://pubs.rsna.org/page/radiology/author-instructions	2026-08-22	UNVERIFIED_CURRENT	revision
radiology	RAD-REV-FIGURES	Original Research	revision	JOURNAL_GUIDE	conditional	figures are present	individual high-resolution revision figures	Revision figures or panels are uploaded individually; conflicting public format lists require the exact Radiology revision portal to resolve each accepted extension		https://pubs.rsna.org/page/radiology/author-instructions	2026-08-22	UNVERIFIED_CURRENT	revision
radiology	RAD-EXAMPLE-1	Original Research	published	PUBLISHED_EXEMPLAR	advisory	comparable radiology AI	published article	Use only for observed evidence and display style		https://pubs.rsna.org/doi/10.1148/radiol.240885	2026-08-22	OBSERVED_ONLY	published
nature-medicine	NM-INITIAL-MAIN	Article	initial	JOURNAL_GUIDE	required	all submissions	manuscript	Flexible initial manuscript accepts PDF Word or compiled TeX/LaTeX PDF	.pdf;.doc;.docx	https://www.nature.com/nm/submission-guidelines/initial-formatting	2026-08-22	VERIFIED_CURRENT	initial;pre-review
nature-medicine	NM-COVER	Article	initial	JOURNAL_GUIDE	required	all submissions	cover letter	Cover explains significance fit related manuscripts and prior editor contact		https://www.nature.com/nm/submission-guidelines/preparing-your-submission	2026-08-22	VERIFIED_CURRENT	initial
nature-medicine	NM-LIMITS	Article	initial	JOURNAL_GUIDE	required	Article	manuscript content	Abstract 150 words; main text 4000; six main display items; ten Extended Data		https://www.nature.com/nm/content	2026-08-22	VERIFIED_CURRENT	initial
nature-medicine	NM-REPORTING	Article	pre-review	JOURNAL_GUIDE	conditional	relevant life-science or clinical research	Reporting Summary	Applicable manuscripts entering review provide current Reporting Summary	.pdf;.docx	https://www.nature.com/nm/editorial-policies/reporting-standards	2026-08-22	VERIFIED_CURRENT	pre-review
nature-medicine	NM-MICLAIM	Article	initial	JOURNAL_GUIDE	conditional	medical AI study	MI-CLAIM-GEN checklist	Nature Medicine clinical-AI policy requires adherence and checklist	.pdf;.docx	https://www.nature.com/nm/editorial-policies/clinicalresearch	2026-08-22	VERIFIED_CURRENT	initial;pre-review
nature-medicine	NM-FINAL-SOURCE	Article	final-files	JOURNAL_GUIDE	required	accepted final	editable manuscript source	Final production source is Word or TeX/LaTeX; PDF alone is insufficient	.docx;.tex	https://www.nature.com/nm/submission-guidelines/aip-and-formatting	2026-08-22	VERIFIED_CURRENT	final-files
nature-medicine	NM-REV-CLEAN-MARKED	Article	revision	JOURNAL_GUIDE	conditional	revision invited	clean and marked pair	Universal clean plus marked pairing was not established on public guide		https://www.nature.com/nm/submission-guidelines/editorial-process	2026-08-22	UNVERIFIED_CURRENT	revision
nature-medicine	NM-EXAMPLE-1	Article	published	PUBLISHED_EXEMPLAR	advisory	comparable imaging AI	published article	Attachment and house-style observation only		https://www.nature.com/articles/s41591-024-03408-6	2026-08-22	OBSERVED_ONLY	published
nature-communications	NCOM-INITIAL-MAIN	Article	initial	JOURNAL_GUIDE	required	all submissions	combined manuscript	Initial text and figures may be combined in Word TeX or PDF up to 30 MB	.doc;.docx;.tex;.pdf	https://www.nature.com/ncomms/submit/how-to-submit	2026-08-22	VERIFIED_CURRENT	initial;pre-review
nature-communications	NCOM-COVER	Article	initial	JOURNAL_GUIDE	required	all submissions	cover letter	Cover includes corresponding contact significance fit and reviewer suggestions		https://www.nature.com/ncomms/submit/how-to-submit	2026-08-22	VERIFIED_CURRENT	initial
nature-communications	NCOM-SI	Article	initial	JOURNAL_GUIDE	conditional	supplementary content exists	Supplementary Information	Separate SI; Word preferred; per-file and total size limits apply	.doc;.docx;.pdf;.xls;.xlsx;.csv;.zip;.ppt;.pptx;.tif;.tiff;.jpg;.jpeg;.mov;.avi;.txt;.eps;.swf;.gif;.html;.mpg;.mpeg;.wav;.ps;.tar;.rtf;.xml;.owl;.wpd	https://www.nature.com/ncomms/submit/how-to-submit	2026-08-22	VERIFIED_CURRENT	initial
nature-communications	NCOM-RELATED	Article	initial	JOURNAL_GUIDE	conditional	related manuscript with overlapping authors is under consideration or in press	related manuscript copy	Copies of related manuscripts under consideration or in press must accompany the submission; exact upload extension remains a current-portal question		https://www.nature.com/ncomms/submit/how-to-submit	2026-08-22	VERIFIED_CURRENT	initial
nature-communications	NCOM-LIMITS	Article	initial	JOURNAL_GUIDE	required	Article	manuscript content	Title 15 words; abstract 200; ten display items; suggested main text 5000		https://www.nature.com/ncomms/submit/article	2026-08-22	VERIFIED_CURRENT	initial
nature-communications	NCOM-REPORTING	Article	pre-review	JOURNAL_GUIDE	conditional	relevant research	Reporting Summary	Relevant manuscripts entering review provide Reporting Summary	.pdf;.docx	https://www.nature.com/ncomms/editorial-policies/reporting-standards	2026-08-22	VERIFIED_CURRENT	pre-review
nature-communications	NCOM-REV-RESPONSE	Article	revision	JOURNAL_GUIDE	required	revision invited	point-by-point response	A separate point-by-point response accompanies the revised manuscript; accepted upload extension is an exact revision-portal question		https://www.nature.com/ncomms/submit/editorial-process	2026-08-22	VERIFIED_CURRENT	revision
nature-communications	NCOM-EXAMPLE-1	Article	published	PUBLISHED_EXEMPLAR	advisory	comparable multimodal radiology AI	published article	Published layout and attachments are observation only		https://www.nature.com/articles/s41467-025-57426-0	2026-08-22	OBSERVED_ONLY	published
lancet-digital-health	TLDH-MAIN	Article	initial	JOURNAL_GUIDE	required	all submissions	manuscript with tables and panels	Main manuscript is required; public PDF does not state accepted extension		https://www.thelancet.com/pb-assets/Lancet/authors/tldh-info-for-authors.pdf	2026-08-22	VERIFIED_CURRENT	initial
lancet-digital-health	TLDH-COVER	Article	initial	JOURNAL_GUIDE	portal-only	all submissions	covering letter	Covering letter content is entered via Enter Comments rather than inferred as a file		https://www.thelancet.com/pb-assets/Lancet/authors/tldh-info-for-authors.pdf	2026-08-22	VERIFIED_CURRENT	initial
lancet-digital-health	TLDH-RIC	Article	initial	JOURNAL_GUIDE	required	primary research	Research in context	Three prescribed unreferenced evidence sections		https://www.thelancet.com/pb-assets/Lancet/authors/tldh-info-for-authors.pdf	2026-08-22	VERIFIED_CURRENT	initial
lancet-digital-health	TLDH-LIMITS	Article	initial	JOURNAL_GUIDE	required	Article	manuscript content	Main text 3500 or RCT 4500; 30 references; five-part abstract 300		https://www.thelancet.com/pb-assets/Lancet/authors/tldh-info-for-authors.pdf	2026-08-22	VERIFIED_CURRENT	initial
lancet-digital-health	TLDH-AUTHOR-FORM	Article	initial	JOURNAL_GUIDE	conditional	Original Research	author statement form	Guide contains conflicting upload timing; live portal must resolve	.pdf	https://www.thelancet.com/pb-assets/Lancet/authors/tldh-info-for-authors.pdf	2026-08-22	UNVERIFIED_CURRENT	initial
lancet-digital-health	TLDH-REVISION	Article	revision	JOURNAL_GUIDE	required	revision invited	clean highlighted and response files	Clean and highlighted manuscripts plus detailed response		https://www.thelancet.com/pb-assets/Lancet/authors/tldh-info-for-authors.pdf	2026-08-22	VERIFIED_CURRENT	revision
lancet-digital-health	TLDH-EXAMPLE-1	Article	published	PUBLISHED_EXEMPLAR	advisory	comparable imaging AI	published article	Structure and display observation only		https://www.sciencedirect.com/science/article/pii/S2589750024002498	2026-08-22	OBSERVED_ONLY	published
eclinicalmedicine	ECM-MAIN	Article	initial	JOURNAL_GUIDE	required	all submissions	manuscript with tables and panels	Main manuscript required; accepted extension not stated in public PDF		https://www.thelancet.com/pb-assets/Lancet/authors/ecm-info-for-authors.pdf	2026-08-22	VERIFIED_CURRENT	initial
eclinicalmedicine	ECM-COVER	Article	initial	JOURNAL_GUIDE	portal-only	all submissions	covering letter	Covering letter content is entered via Enter Comments rather than inferred as a file		https://www.thelancet.com/pb-assets/Lancet/authors/ecm-info-for-authors.pdf	2026-08-22	VERIFIED_CURRENT	initial
eclinicalmedicine	ECM-AUTHOR-FORM	Article	initial	JOURNAL_GUIDE	required	all article types	signed author statement form	Current journal PDF places signed form at initial submission	.pdf	https://www.thelancet.com/pb-assets/Lancet/authors/ecm-info-for-authors.pdf	2026-08-22	VERIFIED_CURRENT	initial
eclinicalmedicine	ECM-RIC	Article	initial	JOURNAL_GUIDE	required	primary research	Research in context	Three unreferenced evidence sections		https://www.thelancet.com/pb-assets/Lancet/authors/ecm-info-for-authors.pdf	2026-08-22	VERIFIED_CURRENT	initial
eclinicalmedicine	ECM-LIMITS	Article	initial	JOURNAL_GUIDE	required	Article	manuscript content	Main text approximately 3500 to 5000; 30 references; abstract about 250		https://www.thelancet.com/pb-assets/Lancet/authors/ecm-info-for-authors.pdf	2026-08-22	VERIFIED_CURRENT	initial
eclinicalmedicine	ECM-EPD	Article	revision	JOURNAL_GUIDE	conditional	relevant LMIC research	Equitable Partnership Declaration	Requested at revision for applicable research not universal initial upload	.pdf;.docx	https://www.thelancet.com/pb-assets/Lancet/authors/ecm-info-for-authors.pdf	2026-08-22	VERIFIED_CURRENT	revision
eclinicalmedicine	ECM-REVISION	Article	revision	JOURNAL_GUIDE	required	revision invited	clean highlighted and response files	Clean and highlighted manuscripts plus detailed response		https://www.thelancet.com/pb-assets/Lancet/authors/ecm-info-for-authors.pdf	2026-08-22	VERIFIED_CURRENT	revision
eclinicalmedicine	ECM-EXAMPLE-1	Article	published	PUBLISHED_EXEMPLAR	advisory	comparable radiomics AI	published article	Published layout is observation only		https://www.sciencedirect.com/science/article/pii/S258953702500118X	2026-08-22	OBSERVED_ONLY	published
cancer-cell	CC-INITIAL-MAIN	Research Article	initial	JOURNAL_GUIDE	required	all submissions	free-format manuscript	One PDF or Word plus separate files; LaTeX compiled PDF; initial total at most 20 MB	.pdf;.doc;.docx	https://www.cell.com/cancer-cell/information-for-authors/submit-manuscript	2026-08-22	VERIFIED_CURRENT	initial
cancer-cell	CC-COVER	Research Article	initial	JOURNAL_GUIDE	required	all submissions	cover letter	Editor-only cover describing advance significance and related work		https://www.cell.com/cancer-cell/information-for-authors/submit-manuscript	2026-08-22	VERIFIED_CURRENT	initial
cancer-cell	CC-DOI	Research Article	initial	JOURNAL_GUIDE	required	all submissions	Declaration of Interests	Completed DOI PDF is an initial item	.pdf	https://www.cell.com/cancer-cell/information-for-authors/submit-manuscript	2026-08-22	VERIFIED_CURRENT	initial
cancer-cell	CC-LIMITS	Research Article	initial	JOURNAL_GUIDE	required	Research Article	manuscript content	Main text 7000 words; figures plus tables eight		https://www.cell.com/cancer-cell/information-for-authors/article-types	2026-08-22	VERIFIED_CURRENT	initial
cancer-cell	CC-STAR	Research Article	revision	JOURNAL_GUIDE	required	revision invited or final package	STAR Methods	STAR Methods becomes a revision/final requirement not a universal initial item	.docx;.tex	https://www.cell.com/cancer-cell/information-for-authors/revise-manuscript	2026-08-22	VERIFIED_CURRENT	revision;final-files
cancer-cell	CC-KRT	Research Article	revision	JOURNAL_GUIDE	conditional	study uses biological materials models reagents software datasets or other key resources	Key Resources Table	Current STAR Methods/template requires the applicable Key Resources Table content at revision/final		https://www.cell.com/cancer-cell/information-for-authors/revise-manuscript	2026-08-22	VERIFIED_CURRENT	revision;final-files
cancer-cell	CC-GA	Research Article	final-files	JOURNAL_GUIDE	required	final package	graphical abstract	Graphical abstract 1200 square pixels 300 dpi in listed formats	.tif;.tiff;.pdf;.jpg;.jpeg	https://www.cell.com/cancer-cell/information-for-authors/final-submission	2026-08-22	VERIFIED_CURRENT	final-files
cancer-cell	CC-HIGHLIGHTS	Research Article	final-files	JOURNAL_GUIDE	required	final package	Highlights and eTOC	One Word file with up to four Highlights and eTOC	.docx	https://www.cell.com/cancer-cell/information-for-authors/final-submission	2026-08-22	VERIFIED_CURRENT	final-files
cancer-cell	CC-FINAL-FIGURES	Research Article	final-files	JOURNAL_GUIDE	conditional	main figures exist	separate final main figures	Final figures are uploaded separately in accepted high-resolution formats and each file is at most 20 MB	.tif;.tiff;.pdf;.eps;.jpg;.jpeg;.cdx	https://www.cell.com/cancer-cell/information-for-authors/final-submission	2026-08-22	VERIFIED_CURRENT	final-files
cancer-cell	CC-EXAMPLE-1	Research Article	published	PUBLISHED_EXEMPLAR	advisory	comparable single-cell spatial study	published article	Published organization and attachments are observation only		https://www.sciencedirect.com/science/article/pii/S1535610825000832	2026-08-22	OBSERVED_ONLY	published
cell-reports-medicine	CRM-INITIAL-MAIN	Research article	initial	JOURNAL_GUIDE	required	all submissions	free-format manuscript	One PDF or Word plus files; LaTeX compiled PDF; initial total at most 20 MB	.pdf;.doc;.docx	https://www.cell.com/cell-reports-medicine/information-for-authors/submit-manuscript	2026-08-22	VERIFIED_CURRENT	initial
cell-reports-medicine	CRM-COVER	Research article	initial	JOURNAL_GUIDE	required	all submissions	cover letter	Editor-only cover letter is an initial item		https://www.cell.com/cell-reports-medicine/information-for-authors/submit-manuscript	2026-08-22	VERIFIED_CURRENT	initial
cell-reports-medicine	CRM-DOI	Research article	initial	JOURNAL_GUIDE	required	all submissions	Declaration of Interests	Completed DOI PDF is an initial item	.pdf	https://www.cell.com/cell-reports-medicine/information-for-authors/submit-manuscript	2026-08-22	VERIFIED_CURRENT	initial
cell-reports-medicine	CRM-TRIAL	Research article	initial	JOURNAL_GUIDE	conditional	clinical trial	protocol amendments and SAP	Trial materials are supplied for reviewer assessment	.pdf;.docx	https://www.cell.com/cell-reports-medicine/information-for-authors/submit-manuscript	2026-08-22	VERIFIED_CURRENT	initial
cell-reports-medicine	CRM-LIMITS	Research article	initial	JOURNAL_GUIDE	required	Research article	manuscript content	Main text below 7000 words; figures plus tables seven		https://www.cell.com/cell-reports-medicine/information-for-authors/article-types	2026-08-22	VERIFIED_CURRENT	initial
cell-reports-medicine	CRM-LIMITATIONS	Research article	revision	JOURNAL_GUIDE	required	revision invited or final package	Limitations of the study	Discussion contains the journal-specific subsection		https://www.cell.com/cell-reports-medicine/information-for-authors/revise-manuscript	2026-08-22	VERIFIED_CURRENT	revision;final-files
cell-reports-medicine	CRM-GA	Research article	final-files	JOURNAL_GUIDE	required	final package	graphical abstract	Graphical abstract 1200 square pixels 300 dpi in listed formats	.tif;.tiff;.pdf;.jpg;.jpeg	https://www.cell.com/cell-reports-medicine/information-for-authors/final-submission	2026-08-22	VERIFIED_CURRENT	final-files
cell-reports-medicine	CRM-FINAL-FIGURES	Research article	final-files	JOURNAL_GUIDE	conditional	main figures exist	separate final main figures	Final figures are uploaded separately in accepted high-resolution formats and each file is at most 20 MB	.tif;.tiff;.pdf;.eps;.jpg;.jpeg;.cdx	https://www.cell.com/cell-reports-medicine/information-for-authors/final-submission	2026-08-22	VERIFIED_CURRENT	final-files
cell-reports-medicine	CRM-EXAMPLE-1	Research article	published	PUBLISHED_EXEMPLAR	advisory	comparable multi-omics study	published article	Published presentation is observation only		https://www.sciencedirect.com/science/article/pii/S2666379124006955	2026-08-22	OBSERVED_ONLY	published
npj-digital-medicine	NPJDM-MAIN	Article	initial	JOURNAL_GUIDE	required	all submissions	manuscript	Initial PDF or Word; compiled PDF for TeX/LaTeX	.pdf;.doc;.docx	https://www.nature.com/npjdigitalmed/for-authors-and-referees/submisions	2026-08-22	VERIFIED_CURRENT	initial;pre-review
npj-digital-medicine	NPJDM-COVER	Article	initial	JOURNAL_GUIDE	required	all submissions	cover letter	Cover letter is part of initial package		https://www.nature.com/npjdigitalmed/for-authors-and-referees/submisions	2026-08-22	VERIFIED_CURRENT	initial
npj-digital-medicine	NPJDM-SI	Article	initial	JOURNAL_GUIDE	conditional	supplement exists	Supplementary Information	One separate file; PDF preferred but not established as the exclusive accepted extension		https://www.nature.com/npjdigitalmed/for-authors-and-referees/guide-to-authors	2026-08-22	UNVERIFIED_CURRENT	initial
npj-digital-medicine	NPJDM-LIMITS	Article	initial	JOURNAL_GUIDE	required	Article	manuscript content	Title 15 words; abstract 150; legend 350; no strict total word limit		https://www.nature.com/npjdigitalmed/content-types	2026-08-22	VERIFIED_CURRENT	initial
npj-digital-medicine	NPJDM-REPORTING	Article	pre-review	JOURNAL_GUIDE	conditional	relevant life-science research	Reporting Summary	Required before review for applicable manuscript	.pdf;.docx	https://www.nature.com/npjdigitalmed/for-authors-and-referees/about/editorial-policies/reporting-standards	2026-08-22	VERIFIED_CURRENT	pre-review
npj-digital-medicine	NPJDM-FIG-TYPE	Article	final-files	JOURNAL_GUIDE	conditional	figures exist	final figure extension	Current journal page did not establish final figure extensions		https://www.nature.com/npjdigitalmed/for-authors-and-referees/guide-to-authors	2026-08-22	UNVERIFIED_CURRENT	final-files
npj-digital-medicine	NPJDM-EXAMPLE-1	Article	published	PUBLISHED_EXEMPLAR	advisory	medical AI	published article	Attachment observation only		https://www.nature.com/articles/s41746-024-01118-4	2026-08-22	OBSERVED_ONLY	published
npj-precision-oncology	NPJPO-MAIN	Article	initial	JOURNAL_GUIDE	required	all submissions	manuscript	Initial PDF or Word; compiled PDF for TeX/LaTeX	.pdf;.doc;.docx	https://www.nature.com/npjprecisiononcology/for-authors-and-referees/submisions	2026-08-22	VERIFIED_CURRENT	initial;pre-review
npj-precision-oncology	NPJPO-COVER	Article	initial	JOURNAL_GUIDE	required	all submissions	cover letter	Cover letter is part of initial package		https://www.nature.com/npjprecisiononcology/for-authors-and-referees/submisions	2026-08-22	VERIFIED_CURRENT	initial
npj-precision-oncology	NPJPO-SI	Article	initial	JOURNAL_GUIDE	conditional	supplement exists	Supplementary Information	One separate file; PDF preferred but not established as the exclusive accepted extension		https://www.nature.com/npjprecisiononcology/for-authors-and-referees/guide-to-authors	2026-08-22	UNVERIFIED_CURRENT	initial
npj-precision-oncology	NPJPO-LIMITS	Article	initial	JOURNAL_GUIDE	required	Article	manuscript content	Title 15 words; abstract 150; legend 350; no strict total word limit		https://www.nature.com/npjprecisiononcology/content-types	2026-08-22	VERIFIED_CURRENT	initial
npj-precision-oncology	NPJPO-REPORTING	Article	pre-review	JOURNAL_GUIDE	conditional	relevant life-science or oncology research	Reporting Summary and design checklist	Activate applicable reporting branch before review	.pdf;.docx	https://www.nature.com/npjprecisiononcology/for-authors-and-referees/about/editorial-policies/reporting-standards	2026-08-22	VERIFIED_CURRENT	pre-review
npj-precision-oncology	NPJPO-FIG-TYPE	Article	final-files	JOURNAL_GUIDE	conditional	figures exist	final figure extension	Current journal page did not establish final figure extensions		https://www.nature.com/npjprecisiononcology/for-authors-and-referees/guide-to-authors	2026-08-22	UNVERIFIED_CURRENT	final-files
npj-precision-oncology	NPJPO-EXAMPLE-1	Article	published	PUBLISHED_EXEMPLAR	advisory	multicentre pathology AI	published article	Published presentation is observation only		https://www.nature.com/articles/s41698-024-00652-4	2026-08-22	OBSERVED_ONLY	published
advanced-science	AS-FREE-FORM	Research Article	initial	PUBLISHER_POLICY	required	new submission	free-format route	Official portfolio indexing indicated Free Format but the policy page body was inaccessible; refresh before relying on it		https://advanced.onlinelibrary.wiley.com/hub/editorial-policies	2026-08-22	UNVERIFIED_CURRENT	initial
advanced-science	AS-DATA-STATEMENT	Research Article	initial	PUBLISHER_POLICY	required	research article	Data Availability Statement	Wiley research content includes a data availability statement		https://authorservices.wiley.com/author-resources/Journal-Authors/open-access/data-sharing-citation/data-sharing-policy.html	2026-08-22	VERIFIED_CURRENT	initial
advanced-science	AS-BIO-CHECK	Research Article	initial	PUBLISHER_POLICY	conditional	biological or biomedical research	Biological and Biomedical Sciences Data Reporting Checklist	Advanced Portfolio identifies this checklist as a submission cover sheet for new Research Articles; exact accepted upload extension remains a genuine live-portal question		https://advanced.onlinelibrary.wiley.com/hub/editorial-policies	2026-08-22	VERIFIED_CURRENT	initial
advanced-science	AS-ML-CHECK	Research Article	initial	PUBLISHER_POLICY	conditional	machine-learning research	Machine Learning Data Reporting Checklist	Advanced Portfolio directs applicable ML research to the current reporting checklist	.pdf	https://onlinelibrary.wiley.com/products/journals/data-checklists-chemistry	2026-08-22	VERIFIED_CURRENT	initial
advanced-science	AS-MAIN-TYPE	Research Article	initial	JOURNAL_GUIDE	required	all submissions	manuscript accepted extension	Journal-specific guide returned 403; Free Format cannot establish file type		https://advanced.onlinelibrary.wiley.com/hub/journal/21983844/author-guidelines	2026-08-22	UNVERIFIED_CURRENT	initial
advanced-science	AS-FIG-TYPE	Research Article	revision	JOURNAL_GUIDE	conditional	figures exist	final figure type and resolution	Journal-specific guide inaccessible; sibling rules are prohibited		https://advanced.onlinelibrary.wiley.com/hub/journal/21983844/author-guidelines	2026-08-22	UNVERIFIED_CURRENT	revision
advanced-science	AS-PORTAL	Research Article	initial	PORTAL_PLACEHOLDER	advisory	all submissions	public development portal placeholder	Public Editorial Manager page identifies itself as a development site and cannot establish current submission fields		https://www.editorialmanager.com/advancedscience/	2026-08-22	OBSERVED_ONLY	initial
advanced-science	AS-EXAMPLE-1	Research Article	published	PUBLISHED_EXEMPLAR	advisory	imaging and deep learning	published article	Published layout is observation only		https://advanced.onlinelibrary.wiley.com/doi/10.1002/advs.202307837	2026-08-22	OBSERVED_ONLY	published
jama-network-open	JNO-MAIN	Original Investigation	initial	JOURNAL_GUIDE	required	all submissions	main manuscript	Single Word main file; PDF is not accepted	.doc;.docx	https://jamanetwork.com/journals/jamanetworkopen/pages/instructions-for-authors	2026-08-22	VERIFIED_CURRENT	initial
jama-network-open	JNO-COVER	Original Investigation	initial	JOURNAL_GUIDE	optional	all submissions	cover letter	Recommended rather than universally required	.docx;.pdf	https://jamanetwork.com/journals/jamanetworkopen/pages/instructions-for-authors	2026-08-22	VERIFIED_CURRENT	initial
jama-network-open	JNO-KEY-POINTS	Original Investigation	initial	JOURNAL_GUIDE	required	all submissions	Key Points	Question Findings Meaning in 75 to 100 words		https://jamanetwork.com/journals/jamanetworkopen/pages/instructions-for-authors	2026-08-22	VERIFIED_CURRENT	initial
jama-network-open	JNO-LIMITS	Original Investigation	initial	JOURNAL_GUIDE	required	Original Investigation	manuscript content	Title 100 characters; abstract 350 words; main text 3000; usually five displays		https://jamanetwork.com/journals/jamanetworkopen/pages/instructions-for-authors	2026-08-22	VERIFIED_CURRENT	initial
jama-network-open	JNO-SUPP	Original Investigation	initial	JOURNAL_GUIDE	conditional	supplement exists	supplement	One Word supplement; one Excel workbook for spreadsheet-suitable data	.doc;.docx;.xls;.xlsx	https://jamanetwork.com/journals/jamanetworkopen/pages/instructions-for-authors	2026-08-22	VERIFIED_CURRENT	initial
jama-network-open	JNO-PROTOCOL	Original Investigation	initial	JOURNAL_GUIDE	conditional	randomized or nonrandomized clinical trial	protocol and SAP	Full protocol and SAP are supplemental trial materials	.pdf;.docx	https://jamanetwork.com/journals/jamanetworkopen/pages/instructions-for-authors	2026-08-22	VERIFIED_CURRENT	initial
jama-network-open	JNO-INIT-FIG-GRAPH	Original Investigation	initial	JOURNAL_GUIDE	conditional	main-article statistical graph or plot is supplied as a separate initial-submission file	separate initial graph or plot	Initial submissions may supply figures separately; graph and plot files use the guide's accepted initial-submission formats	.ai;.bmp;.docx;.emf;.eps;.jpg;.pdf;.ppt;.psd;.tif;.wmf;.xls	https://jamanetwork.com/journals/jamanetworkopen/pages/instructions-for-authors	2026-08-22	VERIFIED_CURRENT	initial
jama-network-open	JNO-INIT-FIG-FLOW	Original Investigation	initial	JOURNAL_GUIDE	conditional	main-article flow diagram is supplied as a separate initial-submission file	separate initial flow diagram	Initial submissions may supply figures separately; flow diagrams use the guide's accepted initial-submission formats	.ai;.docx;.emf;.eps;.jpg;.pdf;.ppt	https://jamanetwork.com/journals/jamanetworkopen/pages/instructions-for-authors	2026-08-22	VERIFIED_CURRENT	initial
jama-network-open	JNO-INIT-FIG-ILLUS	Original Investigation	initial	JOURNAL_GUIDE	conditional	main-article illustration is supplied as a separate initial-submission file	separate initial illustration	Initial submissions may supply figures separately; illustrations use the guide's accepted initial-submission formats	.ai;.docx;.eps;.jpg;.pdf;.ppt;.psd;.tif	https://jamanetwork.com/journals/jamanetworkopen/pages/instructions-for-authors	2026-08-22	VERIFIED_CURRENT	initial
jama-network-open	JNO-INIT-FIG-PHOTO	Original Investigation	initial	JOURNAL_GUIDE	conditional	photograph clinical image radiograph microscopy CT MRI or ultrasound figure is supplied as a separate initial-submission file	separate initial photographic or clinical image	Initial submissions may supply figures separately; photographic and clinical images use the guide's accepted initial-submission formats	.eps;.jpg;.pdf;.ppt;.psd;.tif	https://jamanetwork.com/journals/jamanetworkopen/pages/instructions-for-authors	2026-08-22	VERIFIED_CURRENT	initial
jama-network-open	JNO-INIT-FIG-LINE	Original Investigation	initial	JOURNAL_GUIDE	conditional	line drawing is supplied as a separate initial-submission file	separate initial line drawing	Initial submissions may supply figures separately; line drawings use the guide's accepted initial-submission formats	.docx;.jpg;.pdf;.ppt;.psd;.tif	https://jamanetwork.com/journals/jamanetworkopen/pages/instructions-for-authors	2026-08-22	VERIFIED_CURRENT	initial
jama-network-open	JNO-REVISION-PAIR	Original Investigation	revision	JOURNAL_GUIDE	required	revision invited	revision package routing	The public guide does not establish a universal clean marked and response file set; capture the exact live revision portal and human-adjudicate the decision letter before closing the package		https://jamanetwork.com/journals/jamanetworkopen/pages/instructions-for-authors	2026-08-22	UNVERIFIED_CURRENT	revision
jama-network-open	JNO-REV-FIG-GRAPH	Original Investigation	revision	JOURNAL_GUIDE	conditional	main-article statistical graph or plot exists	separate revision graph or plot	At revision each main figure is separate; graph and plot routes use the publication formats listed for their type	.ai;.emf;.eps;.pdf;.wmf;.xls	https://jamanetwork.com/journals/jamanetworkopen/pages/instructions-for-authors	2026-08-22	VERIFIED_CURRENT	revision
jama-network-open	JNO-REV-FIG-FLOW	Original Investigation	revision	JOURNAL_GUIDE	conditional	main-article flow diagram exists	separate revision flow diagram	At revision each main figure is separate; flow diagrams use the narrower publication-format list	.ai;.docx;.emf;.eps;.pdf	https://jamanetwork.com/journals/jamanetworkopen/pages/instructions-for-authors	2026-08-22	VERIFIED_CURRENT	revision
jama-network-open	JNO-REV-FIG-ILLUS	Original Investigation	revision	JOURNAL_GUIDE	conditional	main-article illustration exists	separate revision illustration	At revision each main figure is separate; illustrations follow the publication-format list and minimum publication resolution	.ai;.eps;.jpg;.pdf;.psd;.tif	https://jamanetwork.com/journals/jamanetworkopen/pages/instructions-for-authors	2026-08-22	VERIFIED_CURRENT	revision
jama-network-open	JNO-REV-FIG-PHOTO	Original Investigation	revision	JOURNAL_GUIDE	conditional	photograph clinical image radiograph microscopy CT MRI or ultrasound figure exists	separate revision photographic or clinical image	At revision each main figure is separate; photographic and clinical images use EPS JPG PSD or TIF and meet the stated minimum publication resolution	.eps;.jpg;.psd;.tif	https://jamanetwork.com/journals/jamanetworkopen/pages/instructions-for-authors	2026-08-22	VERIFIED_CURRENT	revision
jama-network-open	JNO-REV-FIG-LINE	Original Investigation	revision	JOURNAL_GUIDE	conditional	line drawing exists	separate revision line drawing	At revision each main figure is separate; line drawings use JPG PSD or TIF and meet the stated minimum publication resolution	.jpg;.psd;.tif	https://jamanetwork.com/journals/jamanetworkopen/pages/instructions-for-authors	2026-08-22	VERIFIED_CURRENT	revision
jama-network-open	JNO-INIT-FIG-MARKER-PAIR	Original Investigation	initial	JOURNAL_GUIDE	conditional	photograph clinical image photomicrograph gel or similar image contains labels arrows or other markers	initial marked and unmarked figure-pair assertion	Initial images with labels arrows or other markers require marked and unmarked versions; bind the two separately listed initial photo files by item ID and SHA-256 and human-verify equivalence beyond the markers		https://jamanetwork.com/journals/jamanetworkopen/pages/instructions-for-authors	2026-08-22	VERIFIED_CURRENT	initial
jama-network-open	JNO-REV-FIG-MARKER-PAIR	Original Investigation	revision	JOURNAL_GUIDE	conditional	photograph clinical image photomicrograph gel or similar image contains labels arrows or other markers	revision marked and unmarked figure-pair assertion	Revision images with labels arrows or other markers require marked and unmarked versions; bind the two separately listed revision photo files by item ID and SHA-256 and human-verify equivalence beyond the markers		https://jamanetwork.com/journals/jamanetworkopen/pages/instructions-for-authors	2026-08-22	VERIFIED_CURRENT	revision
jama-network-open	JNO-EXAMPLE-1	Original Investigation	published	PUBLISHED_EXEMPLAR	advisory	medical AI	published article	Published Key Points and declarations are observation only		https://jamanetwork.com/journals/jamanetworkopen/fullarticle/2836426	2026-08-22	OBSERVED_ONLY	published
nature-medicine	NM-SI	Article	initial	JOURNAL_GUIDE	conditional	supplementary content exists	Supplementary Information	Supplementary text and simple tables are normally combined as one PDF	.pdf;.xlsx;.xls;.csv;.zip;.tar	https://www.nature.com/nm/submission-guidelines/preparing-your-submission	2026-08-22	VERIFIED_CURRENT	initial
nature-medicine	NM-REV-PACKAGE	Article	revision	JOURNAL_GUIDE	required	revision invited	revision package	Revised manuscript separate point-by-point response and change-cover letter are required		https://www.nature.com/nm/submission-guidelines/editorial-process	2026-08-22	VERIFIED_CURRENT	revision
nature-communications	NCOM-REV-PACKAGE	Article	revision	JOURNAL_GUIDE	required	revision invited	revised manuscript and change-cover files	A formatted revised manuscript and a change-cover letter are revision materials; accepted extensions are exact revision-portal questions		https://www.nature.com/ncomms/submit/editorial-process	2026-08-22	VERIFIED_CURRENT	revision
nature-communications	NCOM-REV-CLEAN-MARKED	Article	revision	JOURNAL_GUIDE	conditional	revision invited	clean and marked manuscript convention	Universal clean plus marked pairing and exact extensions are not established publicly		https://www.nature.com/ncomms/submit/editorial-process	2026-08-22	UNVERIFIED_CURRENT	revision
nature-communications	NCOM-REV-FIGURES	Article	revision	JOURNAL_GUIDE	conditional	figures exist	individual revision figure files	For revised manuscripts all textual content is one Word or TeX file and figures are individual files; ordinary-revision accepted figure extensions remain an exact portal question		https://www.nature.com/ncomms/submit/how-to-submit	2026-08-22	VERIFIED_CURRENT	revision
nature-communications	NCOM-FINAL-SOURCE	Article	final-files	JOURNAL_GUIDE	required	accepted final	editable manuscript source	Final manuscript source is Word or TeX/LaTeX	.doc;.docx;.tex	https://www.nature.com/ncomms/submit/article	2026-08-22	VERIFIED_CURRENT	final-files
nature-communications	NCOM-FINAL-VECTOR	Article	final-files	JOURNAL_GUIDE	conditional	line art graphs charts or schematics exist	separate final vector figures	Final line art graphs charts and schematics are supplied as vector EPS AI or PDF; Word and PowerPoint are also accepted in stated cases	.eps;.ai;.pdf;.doc;.docx;.ppt;.pptx	https://www.nature.com/ncomms/submit/how-to-submit	2026-08-22	VERIFIED_CURRENT	final-files
nature-communications	NCOM-FINAL-RASTER	Article	final-files	JOURNAL_GUIDE	conditional	photographic or bitmapped figures exist	separate final raster figures	Final photographic and bitmapped images are separate TIFF files at minimum 300 DPI and RGB for colour; a Word or PowerPoint container does not replace the TIFF	.tif;.tiff	https://www.nature.com/ncomms/submit/how-to-submit	2026-08-22	VERIFIED_CURRENT	final-files
lancet-digital-health	TLDH-FIG-RASTER	Article	initial	JOURNAL_GUIDE	conditional	raster photographic or clinical image figure exists	raster figure files	Raster and photographic figures use the guide's TIF or JPG route and meet its stated resolution requirements	.tif;.tiff;.jpg;.jpeg	https://www.thelancet.com/pb-assets/Lancet/authors/tldh-info-for-authors.pdf	2026-08-22	VERIFIED_CURRENT	initial
lancet-digital-health	TLDH-FIG-FLOW	Article	initial	JOURNAL_GUIDE	conditional	editable flowchart figure exists	editable flowchart files	Flowcharts are supplied in editable Word or PowerPoint format rather than flattened into the raster or vector route	.doc;.docx;.ppt;.pptx	https://www.thelancet.com/pb-assets/Lancet/authors/tldh-info-for-authors.pdf	2026-08-22	VERIFIED_CURRENT	initial
lancet-digital-health	TLDH-FIG-VECTOR	Article	initial	JOURNAL_GUIDE	conditional	vector graph diagram or line-art figure exists	vector figure files	Vector figures follow the AI EPS vector-PDF PowerPoint Word or SVG route	.ai;.eps;.pdf;.ppt;.pptx;.doc;.docx;.svg	https://www.thelancet.com/pb-assets/Lancet/authors/tldh-info-for-authors.pdf	2026-08-22	VERIFIED_CURRENT	initial
lancet-digital-health	TLDH-TRIAL	Article	initial	JOURNAL_GUIDE	conditional	clinical trial	protocol reporting checklist and SAP	Trial branch supplies protocol and CONSORT material and SAP when available	.pdf;.doc;.docx	https://www.thelancet.com/pb-assets/Lancet/authors/tldh-info-for-authors.pdf	2026-08-22	VERIFIED_CURRENT	initial
lancet-digital-health	TLDH-SI	Article	initial	JOURNAL_GUIDE	conditional	supplement exists	Supplementary Information	Supplement is one PDF with contents and page numbers	.pdf	https://www.thelancet.com/pb-assets/Lancet/authors/tldh-info-for-authors.pdf	2026-08-22	VERIFIED_CURRENT	initial
eclinicalmedicine	ECM-FIG-RASTER	Article	initial	JOURNAL_GUIDE	conditional	raster photographic or clinical image figure exists	raster figure files	Raster and photographic figures use the guide's TIF or JPG route and meet its stated resolution requirements	.tif;.tiff;.jpg;.jpeg	https://www.thelancet.com/pb-assets/Lancet/authors/ecm-info-for-authors.pdf	2026-08-22	VERIFIED_CURRENT	initial
eclinicalmedicine	ECM-FIG-FLOW	Article	initial	JOURNAL_GUIDE	conditional	editable flowchart figure exists	editable flowchart files	Flowcharts are supplied in editable Word or PowerPoint format rather than flattened into the raster or vector route	.doc;.docx;.ppt;.pptx	https://www.thelancet.com/pb-assets/Lancet/authors/ecm-info-for-authors.pdf	2026-08-22	VERIFIED_CURRENT	initial
eclinicalmedicine	ECM-FIG-VECTOR	Article	initial	JOURNAL_GUIDE	conditional	vector graph diagram or line-art figure exists	vector figure files	Vector figures follow the AI EPS vector-PDF PowerPoint Word or SVG route	.ai;.eps;.pdf;.ppt;.pptx;.doc;.docx;.svg	https://www.thelancet.com/pb-assets/Lancet/authors/ecm-info-for-authors.pdf	2026-08-22	VERIFIED_CURRENT	initial
eclinicalmedicine	ECM-TRIAL	Article	initial	JOURNAL_GUIDE	conditional	clinical trial	protocol reporting checklist and SAP	Trial branch supplies protocol and reporting materials and SAP when available	.pdf;.doc;.docx	https://www.thelancet.com/pb-assets/Lancet/authors/ecm-info-for-authors.pdf	2026-08-22	VERIFIED_CURRENT	initial
eclinicalmedicine	ECM-SI	Article	initial	JOURNAL_GUIDE	conditional	supplement exists	Supplementary Information	Supplement is one PDF with contents and page numbers	.pdf	https://www.thelancet.com/pb-assets/Lancet/authors/ecm-info-for-authors.pdf	2026-08-22	VERIFIED_CURRENT	initial
cancer-cell	CC-REV-PACKAGE	Research Article	revision	JOURNAL_GUIDE	required	revision invited	revision package	New cover point-by-point response and editable revised manuscript are revision materials		https://www.cell.com/cancer-cell/information-for-authors/revise-manuscript	2026-08-22	VERIFIED_CURRENT	revision
cancer-cell	CC-FINAL-SOURCE	Research Article	final-files	JOURNAL_GUIDE	required	accepted final	editable manuscript source bundle	Final source is editable Word or a LaTeX source plus checked PDF; a LaTeX route also needs a human-verified complete dependency and compilation crosswalk	.doc;.docx;.tex;.pdf	https://www.cell.com/cancer-cell/information-for-authors/final-submission	2026-08-22	VERIFIED_CURRENT	final-files
cell-reports-medicine	CRM-REV-PACKAGE	Research article	revision	JOURNAL_GUIDE	required	revision invited	revision package	New cover point-by-point response and editable revised manuscript are revision materials		https://www.cell.com/cell-reports-medicine/information-for-authors/revise-manuscript	2026-08-22	VERIFIED_CURRENT	revision
cell-reports-medicine	CRM-STAR	Research article	revision	JOURNAL_GUIDE	required	revision invited or final package	STAR Methods	Revision/final uses STAR Methods and current template guidance	.doc;.docx;.tex	https://www.cell.com/cell-reports-medicine/information-for-authors/revise-manuscript	2026-08-22	VERIFIED_CURRENT	revision;final-files
cell-reports-medicine	CRM-KRT	Research article	revision	JOURNAL_GUIDE	conditional	study uses biological materials models reagents software datasets or other key resources	Key Resources Table	Current STAR Methods/template requires the applicable Key Resources Table content at revision/final		https://www.cell.com/cell-reports-medicine/information-for-authors/revise-manuscript	2026-08-22	VERIFIED_CURRENT	revision;final-files
cell-reports-medicine	CRM-HIGHLIGHTS	Research article	final-files	JOURNAL_GUIDE	required	final package	Highlights and eTOC	Highlights and eTOC are supplied in one Word file	.doc;.docx	https://www.cell.com/cell-reports-medicine/information-for-authors/final-submission	2026-08-22	VERIFIED_CURRENT	final-files
cell-reports-medicine	CRM-FINAL-SOURCE	Research article	final-files	JOURNAL_GUIDE	required	accepted final	editable manuscript source bundle	Final source is editable Word or a LaTeX source plus checked PDF; a LaTeX route also needs a human-verified complete dependency and compilation crosswalk	.doc;.docx;.tex;.pdf	https://www.cell.com/cell-reports-medicine/information-for-authors/final-submission	2026-08-22	VERIFIED_CURRENT	final-files
npj-digital-medicine	NPJDM-REV-PACKAGE	Article	revision	JOURNAL_GUIDE	required	revision invited	revision package	Change-cover letter separate response and revised text are revision materials		https://www.nature.com/npjdigitalmed/for-authors-and-referees/editorial-process	2026-08-22	VERIFIED_CURRENT	revision
npj-digital-medicine	NPJDM-REV-CLEAN-MARKED	Article	revision	JOURNAL_GUIDE	conditional	revision invited	clean and marked manuscript convention	Universal clean plus marked pairing and exact extensions are not established publicly		https://www.nature.com/npjdigitalmed/for-authors-and-referees/editorial-process	2026-08-22	UNVERIFIED_CURRENT	revision
npj-digital-medicine	NPJDM-REV-FIGURES	Article	revision	JOURNAL_GUIDE	conditional	main-article figures are supplied during revision	revision figure files or portal-designated figure items	The public editorial-process page does not establish the exact revision figure file designation or extensions; resolve the exact live revision portal before closing this item		https://www.nature.com/npjdigitalmed/for-authors-and-referees/editorial-process	2026-08-22	UNVERIFIED_CURRENT	revision
npj-digital-medicine	NPJDM-FINAL-SOURCE	Article	final-files	JOURNAL_GUIDE	required	accepted final	editable manuscript source	Accepted final requires editable Word or TeX/LaTeX source rather than PDF alone	.doc;.docx;.tex	https://www.nature.com/npjdigitalmed/for-authors-and-referees/submisions	2026-08-22	VERIFIED_CURRENT	final-files
npj-precision-oncology	NPJPO-REV-PACKAGE	Article	revision	JOURNAL_GUIDE	required	revision invited	revision package	Change-cover letter separate response and revised text are revision materials		https://www.nature.com/npjprecisiononcology/for-authors-and-referees/editorial-process	2026-08-22	VERIFIED_CURRENT	revision
npj-precision-oncology	NPJPO-REV-CLEAN-MARKED	Article	revision	JOURNAL_GUIDE	conditional	revision invited	clean and marked manuscript convention	Universal clean plus marked pairing and exact extensions are not established publicly		https://www.nature.com/npjprecisiononcology/for-authors-and-referees/editorial-process	2026-08-22	UNVERIFIED_CURRENT	revision
npj-precision-oncology	NPJPO-REV-FIGURES	Article	revision	JOURNAL_GUIDE	conditional	main-article figures are supplied during revision	revision figure files or portal-designated figure items	The public editorial-process page does not establish the exact revision figure file designation or extensions; resolve the exact live revision portal before closing this item		https://www.nature.com/npjprecisiononcology/for-authors-and-referees/editorial-process	2026-08-22	UNVERIFIED_CURRENT	revision
npj-precision-oncology	NPJPO-FINAL-SOURCE	Article	final-files	JOURNAL_GUIDE	required	accepted final	editable manuscript source	Accepted final requires editable Word or TeX/LaTeX source rather than PDF alone	.doc;.docx;.tex	https://www.nature.com/npjprecisiononcology/for-authors-and-referees/submisions	2026-08-22	VERIFIED_CURRENT	final-files
advanced-science	AS-REV-PACKAGE	Research Article	revision	JOURNAL_GUIDE	required	revision invited	revision package	Clean marked response and final production-file package could not be verified from accessible guide		https://advanced.onlinelibrary.wiley.com/hub/journal/21983844/author-guidelines	2026-08-22	UNVERIFIED_CURRENT	revision
jama-network-open	JNO-REPORTING	Original Investigation	initial	JOURNAL_GUIDE	conditional	declared Study Type matches a reporting standard	reporting checklist	Apply the current EQUATOR checklist selected by Study Type	.pdf;.doc;.docx	https://jamanetwork.com/journals/jamanetworkopen/pages/instructions-for-authors	2026-08-22	VERIFIED_CURRENT	initial
npj-digital-medicine	NPJDM-COI	Article	initial	JOURNAL_GUIDE	required	all submissions	signed competing-interests statement	Corresponding author submits the mandatory signed statement for all authors; file versus portal mechanics require live confirmation		https://www.nature.com/npjdigitalmed/for-authors-and-referees/guide-to-authors	2026-08-22	VERIFIED_CURRENT	initial
npj-digital-medicine	NPJDM-RELATED	Article	initial	JOURNAL_GUIDE	conditional	related manuscript is under review or in press	related manuscript copy and status	Copies and status information are supplied as additional supporting information	.pdf;.doc;.docx	https://www.nature.com/npjdigitalmed/for-authors-and-referees/guide-to-authors	2026-08-22	VERIFIED_CURRENT	initial
npj-digital-medicine	NPJDM-CONSORT-PRISMA	Article	pre-review	JOURNAL_GUIDE	conditional	trial or systematic review	CONSORT or PRISMA checklist	The journal specifically requires CONSORT and PRISMA before peer review for matching designs	.pdf;.doc;.docx	https://www.nature.com/npjdigitalmed/for-authors-and-referees/guide-to-authors	2026-08-22	VERIFIED_CURRENT	pre-review
npj-digital-medicine	NPJDM-OTHER-CHECKLISTS	Article	pre-review	JOURNAL_GUIDE	optional	other matching study design	other reporting checklist	STROBE CARE COREQ SRQR STARD TRIPOD CHEERS and ARRIVE are strongly encouraged on the journal page unless another current policy makes one mandatory	.pdf;.doc;.docx	https://www.nature.com/npjdigitalmed/for-authors-and-referees/guide-to-authors	2026-08-22	VERIFIED_CURRENT	pre-review
npj-precision-oncology	NPJPO-COI	Article	initial	JOURNAL_GUIDE	required	all submissions	signed competing-interests statement	Corresponding author submits the mandatory signed statement for all authors; file versus portal mechanics require live confirmation		https://www.nature.com/npjprecisiononcology/for-authors-and-referees/guide-to-authors	2026-08-22	VERIFIED_CURRENT	initial
npj-precision-oncology	NPJPO-RELATED	Article	initial	JOURNAL_GUIDE	conditional	related manuscript is under review or in press	related manuscript copy and status	Copies and status information are supplied as additional supporting information	.pdf;.doc;.docx	https://www.nature.com/npjprecisiononcology/for-authors-and-referees/guide-to-authors	2026-08-22	VERIFIED_CURRENT	initial
npj-precision-oncology	NPJPO-CONSORT-PRISMA	Article	pre-review	JOURNAL_GUIDE	conditional	trial or systematic review	CONSORT or PRISMA checklist	The journal specifically requires CONSORT and PRISMA before peer review for matching designs	.pdf;.doc;.docx	https://www.nature.com/npjprecisiononcology/for-authors-and-referees/guide-to-authors	2026-08-22	VERIFIED_CURRENT	pre-review
npj-precision-oncology	NPJPO-OTHER-CHECKLISTS	Article	pre-review	JOURNAL_GUIDE	optional	other matching study design	other reporting checklist	Other design checklists are strongly encouraged on the journal page unless another current policy makes one mandatory	.pdf;.doc;.docx	https://www.nature.com/npjprecisiononcology/for-authors-and-referees/guide-to-authors	2026-08-22	VERIFIED_CURRENT	pre-review
